<mujoco model="morphology">
  <compiler angle="radian"/>
  <default>
    <default class="/"/>
  </default>
  <worldbody>
    <body name="//unnamed_body_0">
      <body name="torso" pos="0 0 0" euler="0 0 0">
        <geom name="torso_body" class="/" type="capsule" size="0.11111111111111112 0.22222222222222224" rgba="100 0 0 0.5" friction="0.10000000000000001 0.10000000000000001 0.10000000000000001" density="1000" pos="0 0 0" euler="0 1.5707963267948966 0"/>
        <body name="right_pectoral_fin" pos="-0.22222222222222224 -0.078567420131838622 0.078567420131838608" euler="0 0 0">
          <body name="right_pectoral_fin_segment_0" pos="0.044444444444444446 0 0" euler="0 0 0">
            <geom name="right_pectoral_fin_segment_0_capsule" class="/" type="capsule" size="0.02 0.22222222222222224" rgba="100 0 0 0.5" density="1000" pos="0 -0.24222222222222223 0" euler="1.5707963267948966 0 0"/>
            <joint name="right_pectoral_fin_segment_0_x_axis" class="/" type="hinge" axis="1 0 0" limited="true" stiffness="0.5" range="-1.5707963267948966 1.5707963267948966" damping="0.5"/>
            <site name="right_pectoral_fin_segment_0_tendon_site" class="/" type="sphere" size="0.0001 0.0001 0.0001" pos="0 -0.24222222222222223 0" euler="0 0 0"/>
          </body>
          <body name="right_pectoral_fin_segment_1" pos="0.088888888888888892 0 0" euler="0 0 0">
            <geom name="right_pectoral_fin_segment_1_capsule" class="/" type="capsule" size="0.02 0.20000000000000001" rgba="100 0 0 0.5" density="1000" pos="0 -0.22 0" euler="1.5707963267948966 0 0"/>
            <joint name="right_pectoral_fin_segment_1_x_axis" class="/" type="hinge" axis="1 0 0" limited="true" stiffness="0.5" range="-1.5707963267948966 1.5707963267948966" damping="0.5"/>
            <site name="right_pectoral_fin_segment_1_tendon_site" class="/" type="sphere" size="0.0001 0.0001 0.0001" pos="0 -0.22 0" euler="0 0 0"/>
          </body>
          <body name="right_pectoral_fin_segment_2" pos="0.13333333333333333 0 0" euler="0 0 0">
            <geom name="right_pectoral_fin_segment_2_capsule" class="/" type="capsule" size="0.02 0.17777777777777778" rgba="100 0 0 0.5" density="1000" pos="0 -0.19777777777777777 0" euler="1.5707963267948966 0 0"/>
            <joint name="right_pectoral_fin_segment_2_x_axis" class="/" type="hinge" axis="1 0 0" limited="true" stiffness="0.5" range="-1.5707963267948966 1.5707963267948966" damping="0.5"/>
            <site name="right_pectoral_fin_segment_2_tendon_site" class="/" type="sphere" size="0.0001 0.0001 0.0001" pos="0 -0.19777777777777777 0" euler="0 0 0"/>
          </body>
          <body name="right_pectoral_fin_segment_3" pos="0.17777777777777778 0 0" euler="0 0 0">
            <geom name="right_pectoral_fin_segment_3_capsule" class="/" type="capsule" size="0.02 0.15555555555555556" rgba="100 0 0 0.5" density="1000" pos="0 -0.17555555555555555 0" euler="1.5707963267948966 0 0"/>
            <joint name="right_pectoral_fin_segment_3_x_axis" class="/" type="hinge" axis="1 0 0" limited="true" stiffness="0.5" range="-1.5707963267948966 1.5707963267948966" damping="0.5"/>
            <site name="right_pectoral_fin_segment_3_tendon_site" class="/" type="sphere" size="0.0001 0.0001 0.0001" pos="0 -0.17555555555555555 0" euler="0 0 0"/>
          </body>
          <body name="right_pectoral_fin_segment_4" pos="0.22222222222222224 0 0" euler="0 0 0">
            <geom name="right_pectoral_fin_segment_4_capsule" class="/" type="capsule" size="0.02 0.13333333333333336" rgba="100 0 0 0.5" density="1000" pos="0 -0.15333333333333335 0" euler="1.5707963267948966 0 0"/>
            <joint name="right_pectoral_fin_segment_4_x_axis" class="/" type="hinge" axis="1 0 0" limited="true" stiffness="0.5" range="-1.5707963267948966 1.5707963267948966" damping="0.5"/>
            <site name="right_pectoral_fin_segment_4_tendon_site" class="/" type="sphere" size="0.0001 0.0001 0.0001" pos="0 -0.15333333333333335 0" euler="0 0 0"/>
          </body>
          <body name="right_pectoral_fin_segment_5" pos="0.26666666666666666 0 0" euler="0 0 0">
            <geom name="right_pectoral_fin_segment_5_capsule" class="/" type="capsule" size="0.02 0.11111111111111112" rgba="100 0 0 0.5" density="1000" pos="0 -0.13111111111111112 0" euler="1.5707963267948966 0 0"/>
            <joint name="right_pectoral_fin_segment_5_x_axis" class="/" type="hinge" axis="1 0 0" limited="true" stiffness="0.5" range="-1.5707963267948966 1.5707963267948966" damping="0.5"/>
            <site name="right_pectoral_fin_segment_5_tendon_site" class="/" type="sphere" size="0.0001 0.0001 0.0001" pos="0 -0.13111111111111112 0" euler="0 0 0"/>
          </body>
          <body name="right_pectoral_fin_segment_6" pos="0.31111111111111112 0 0" euler="0 0 0">
            <geom name="right_pectoral_fin_segment_6_capsule" class="/" type="capsule" size="0.02 0.088888888888888878" rgba="100 0 0 0.5" density="1000" pos="0 -0.10888888888888888 0" euler="1.5707963267948966 0 0"/>
            <joint name="right_pectoral_fin_segment_6_x_axis" class="/" type="hinge" axis="1 0 0" limited="true" stiffness="0.5" range="-1.5707963267948966 1.5707963267948966" damping="0.5"/>
            <site name="right_pectoral_fin_segment_6_tendon_site" class="/" type="sphere" size="0.0001 0.0001 0.0001" pos="0 -0.10888888888888888 0" euler="0 0 0"/>
          </body>
          <body name="right_pectoral_fin_segment_7" pos="0.35555555555555557 0 0" euler="0 0 0">
            <geom name="right_pectoral_fin_segment_7_capsule" class="/" type="capsule" size="0.02 0.06666666666666668" rgba="100 0 0 0.5" density="1000" pos="0 -0.086666666666666684 0" euler="1.5707963267948966 0 0"/>
            <joint name="right_pectoral_fin_segment_7_x_axis" class="/" type="hinge" axis="1 0 0" limited="true" stiffness="0.5" range="-1.5707963267948966 1.5707963267948966" damping="0.5"/>
            <site name="right_pectoral_fin_segment_7_tendon_site" class="/" type="sphere" size="0.0001 0.0001 0.0001" pos="0 -0.086666666666666684 0" euler="0 0 0"/>
          </body>
          <body name="right_pectoral_fin_segment_8" pos="0.40000000000000002 0 0" euler="0 0 0">
            <geom name="right_pectoral_fin_segment_8_capsule" class="/" type="capsule" size="0.02 0.044444444444444453" rgba="100 0 0 0.5" density="1000" pos="0 -0.064444444444444457 0" euler="1.5707963267948966 0 0"/>
            <joint name="right_pectoral_fin_segment_8_x_axis" class="/" type="hinge" axis="1 0 0" limited="true" stiffness="0.5" range="-1.5707963267948966 1.5707963267948966" damping="0.5"/>
            <site name="right_pectoral_fin_segment_8_tendon_site" class="/" type="sphere" size="0.0001 0.0001 0.0001" pos="0 -0.064444444444444457 0" euler="0 0 0"/>
          </body>
          <body name="right_pectoral_fin_segment_9" pos="0.44444444444444448 0 0" euler="0 0 0">
            <geom name="right_pectoral_fin_segment_9_capsule" class="/" type="capsule" size="0.02 0.022222222222222227" rgba="100 0 0 0.5" density="1000" pos="0 -0.04222222222222223 0" euler="1.5707963267948966 0 0"/>
            <joint name="right_pectoral_fin_segment_9_x_axis" class="/" type="hinge" axis="1 0 0" limited="true" stiffness="0.5" range="-1.5707963267948966 1.5707963267948966" damping="0.5"/>
            <site name="right_pectoral_fin_segment_9_tendon_site" class="/" type="sphere" size="0.0001 0.0001 0.0001" pos="0 -0.04222222222222223 0" euler="0 0 0"/>
          </body>
        </body>
        <body name="left_pectoral_fin" pos="-0.22222222222222224 0.078567420131838622 0.078567420131838608" euler="0 0 0">
          <body name="left_pectoral_fin_segment_0" pos="0.044444444444444446 0 0" euler="0 0 0">
            <geom name="left_pectoral_fin_segment_0_capsule" class="/" type="capsule" size="0.02 0.22222222222222224" rgba="100 0 0 0.5" density="1000" pos="0 0.24222222222222223 0" euler="1.5707963267948966 0 0"/>
            <joint name="left_pectoral_fin_segment_0_x_axis" class="/" type="hinge" axis="1 0 0" limited="true" stiffness="0.5" range="-1.5707963267948966 1.5707963267948966" damping="0.5"/>
            <site name="left_pectoral_fin_segment_0_tendon_site" class="/" type="sphere" size="0.0001 0.0001 0.0001" pos="0 0.24222222222222223 0" euler="0 0 0"/>
          </body>
          <body name="left_pectoral_fin_segment_1" pos="0.088888888888888892 0 0" euler="0 0 0">
            <geom name="left_pectoral_fin_segment_1_capsule" class="/" type="capsule" size="0.02 0.20000000000000001" rgba="100 0 0 0.5" density="1000" pos="0 0.22 0" euler="1.5707963267948966 0 0"/>
            <joint name="left_pectoral_fin_segment_1_x_axis" class="/" type="hinge" axis="1 0 0" limited="true" stiffness="0.5" range="-1.5707963267948966 1.5707963267948966" damping="0.5"/>
            <site name="left_pectoral_fin_segment_1_tendon_site" class="/" type="sphere" size="0.0001 0.0001 0.0001" pos="0 0.22 0" euler="0 0 0"/>
          </body>
          <body name="left_pectoral_fin_segment_2" pos="0.13333333333333333 0 0" euler="0 0 0">
            <geom name="left_pectoral_fin_segment_2_capsule" class="/" type="capsule" size="0.02 0.17777777777777778" rgba="100 0 0 0.5" density="1000" pos="0 0.19777777777777777 0" euler="1.5707963267948966 0 0"/>
            <joint name="left_pectoral_fin_segment_2_x_axis" class="/" type="hinge" axis="1 0 0" limited="true" stiffness="0.5" range="-1.5707963267948966 1.5707963267948966" damping="0.5"/>
            <site name="left_pectoral_fin_segment_2_tendon_site" class="/" type="sphere" size="0.0001 0.0001 0.0001" pos="0 0.19777777777777777 0" euler="0 0 0"/>
          </body>
          <body name="left_pectoral_fin_segment_3" pos="0.17777777777777778 0 0" euler="0 0 0">
            <geom name="left_pectoral_fin_segment_3_capsule" class="/" type="capsule" size="0.02 0.15555555555555556" rgba="100 0 0 0.5" density="1000" pos="0 0.17555555555555555 0" euler="1.5707963267948966 0 0"/>
            <joint name="left_pectoral_fin_segment_3_x_axis" class="/" type="hinge" axis="1 0 0" limited="true" stiffness="0.5" range="-1.5707963267948966 1.5707963267948966" damping="0.5"/>
            <site name="left_pectoral_fin_segment_3_tendon_site" class="/" type="sphere" size="0.0001 0.0001 0.0001" pos="0 0.17555555555555555 0" euler="0 0 0"/>
          </body>
          <body name="left_pectoral_fin_segment_4" pos="0.22222222222222224 0 0" euler="0 0 0">
            <geom name="left_pectoral_fin_segment_4_capsule" class="/" type="capsule" size="0.02 0.13333333333333336" rgba="100 0 0 0.5" density="1000" pos="0 0.15333333333333335 0" euler="1.5707963267948966 0 0"/>
            <joint name="left_pectoral_fin_segment_4_x_axis" class="/" type="hinge" axis="1 0 0" limited="true" stiffness="0.5" range="-1.5707963267948966 1.5707963267948966" damping="0.5"/>
            <site name="left_pectoral_fin_segment_4_tendon_site" class="/" type="sphere" size="0.0001 0.0001 0.0001" pos="0 0.15333333333333335 0" euler="0 0 0"/>
          </body>
          <body name="left_pectoral_fin_segment_5" pos="0.26666666666666666 0 0" euler="0 0 0">
            <geom name="left_pectoral_fin_segment_5_capsule" class="/" type="capsule" size="0.02 0.11111111111111112" rgba="100 0 0 0.5" density="1000" pos="0 0.13111111111111112 0" euler="1.5707963267948966 0 0"/>
            <joint name="left_pectoral_fin_segment_5_x_axis" class="/" type="hinge" axis="1 0 0" limited="true" stiffness="0.5" range="-1.5707963267948966 1.5707963267948966" damping="0.5"/>
            <site name="left_pectoral_fin_segment_5_tendon_site" class="/" type="sphere" size="0.0001 0.0001 0.0001" pos="0 0.13111111111111112 0" euler="0 0 0"/>
          </body>
          <body name="left_pectoral_fin_segment_6" pos="0.31111111111111112 0 0" euler="0 0 0">
            <geom name="left_pectoral_fin_segment_6_capsule" class="/" type="capsule" size="0.02 0.088888888888888878" rgba="100 0 0 0.5" density="1000" pos="0 0.10888888888888888 0" euler="1.5707963267948966 0 0"/>
            <joint name="left_pectoral_fin_segment_6_x_axis" class="/" type="hinge" axis="1 0 0" limited="true" stiffness="0.5" range="-1.5707963267948966 1.5707963267948966" damping="0.5"/>
            <site name="left_pectoral_fin_segment_6_tendon_site" class="/" type="sphere" size="0.0001 0.0001 0.0001" pos="0 0.10888888888888888 0" euler="0 0 0"/>
          </body>
          <body name="left_pectoral_fin_segment_7" pos="0.35555555555555557 0 0" euler="0 0 0">
            <geom name="left_pectoral_fin_segment_7_capsule" class="/" type="capsule" size="0.02 0.06666666666666668" rgba="100 0 0 0.5" density="1000" pos="0 0.086666666666666684 0" euler="1.5707963267948966 0 0"/>
            <joint name="left_pectoral_fin_segment_7_x_axis" class="/" type="hinge" axis="1 0 0" limited="true" stiffness="0.5" range="-1.5707963267948966 1.5707963267948966" damping="0.5"/>
            <site name="left_pectoral_fin_segment_7_tendon_site" class="/" type="sphere" size="0.0001 0.0001 0.0001" pos="0 0.086666666666666684 0" euler="0 0 0"/>
          </body>
          <body name="left_pectoral_fin_segment_8" pos="0.40000000000000002 0 0" euler="0 0 0">
            <geom name="left_pectoral_fin_segment_8_capsule" class="/" type="capsule" size="0.02 0.044444444444444453" rgba="100 0 0 0.5" density="1000" pos="0 0.064444444444444457 0" euler="1.5707963267948966 0 0"/>
            <joint name="left_pectoral_fin_segment_8_x_axis" class="/" type="hinge" axis="1 0 0" limited="true" stiffness="0.5" range="-1.5707963267948966 1.5707963267948966" damping="0.5"/>
            <site name="left_pectoral_fin_segment_8_tendon_site" class="/" type="sphere" size="0.0001 0.0001 0.0001" pos="0 0.064444444444444457 0" euler="0 0 0"/>
          </body>
          <body name="left_pectoral_fin_segment_9" pos="0.44444444444444448 0 0" euler="0 0 0">
            <geom name="left_pectoral_fin_segment_9_capsule" class="/" type="capsule" size="0.02 0.022222222222222227" rgba="100 0 0 0.5" density="1000" pos="0 0.04222222222222223 0" euler="1.5707963267948966 0 0"/>
            <joint name="left_pectoral_fin_segment_9_x_axis" class="/" type="hinge" axis="1 0 0" limited="true" stiffness="0.5" range="-1.5707963267948966 1.5707963267948966" damping="0.5"/>
            <site name="left_pectoral_fin_segment_9_tendon_site" class="/" type="sphere" size="0.0001 0.0001 0.0001" pos="0 0.04222222222222223 0" euler="0 0 0"/>
          </body>
        </body>
      </body>
      <body name="tail" pos="0.33333333333333337 0 0" euler="0 0 0">
        <body name="tail_segment_0" pos="0 0 0" euler="0 0 0">
          <geom name="tail_segment_0_capsule" class="/" type="capsule" size="0.022222222222222223 0.11111111111111112" rgba="100 0 0 0.5" density="1000" pos="0.13333333333333333 0 0" euler="0 1.5707963267948966 0"/>
          <joint name="tail_segment_0_z_axis" class="/" type="hinge" axis="0 0 1" limited="true" stiffness="0.5" range="-0.78539816339744828 0.78539816339744828" damping="0.5"/>
          <joint name="tail_segment_0_y_axis" class="/" type="hinge" axis="0 1 0" limited="true" stiffness="0.5" range="-0.78539816339744828 0.78539816339744828" damping="0.5"/>
          <body name="tail_segment_1" pos="0.26666666666666666 0 0" euler="0 0 0">
            <geom name="tail_segment_1_capsule" class="/" type="capsule" size="0.022222222222222223 0.11111111111111112" rgba="100 0 0 0.5" density="1000" pos="0.13333333333333333 0 0" euler="0 1.5707963267948966 0"/>
            <joint name="tail_segment_1_z_axis" class="/" type="hinge" axis="0 0 1" limited="true" stiffness="0.5" range="-0.78539816339744828 0.78539816339744828" damping="0.5"/>
            <joint name="tail_segment_1_y_axis" class="/" type="hinge" axis="0 1 0" limited="true" stiffness="0.5" range="-0.78539816339744828 0.78539816339744828" damping="0.5"/>
          </body>
        </body>
      </body>
    </body>
  </worldbody>
  <tendon>
    <spatial name="right_pectoral_fin_tendon_right" class="/" limited="true" range="-19.800000000000001 20.200000000000003" width="0.0050000000000000001" stiffness="1000" damping="1">
      <site site="right_pectoral_fin_segment_0_tendon_site"/>
      <site site="right_pectoral_fin_segment_1_tendon_site"/>
      <site site="right_pectoral_fin_segment_2_tendon_site"/>
      <site site="right_pectoral_fin_segment_3_tendon_site"/>
      <site site="right_pectoral_fin_segment_4_tendon_site"/>
      <site site="right_pectoral_fin_segment_5_tendon_site"/>
      <site site="right_pectoral_fin_segment_6_tendon_site"/>
      <site site="right_pectoral_fin_segment_7_tendon_site"/>
      <site site="right_pectoral_fin_segment_8_tendon_site"/>
      <site site="right_pectoral_fin_segment_9_tendon_site"/>
    </spatial>
    <spatial name="left_pectoral_fin_tendon_left" class="/" limited="true" range="-19.800000000000001 20.200000000000003" width="0.0050000000000000001" stiffness="1000" damping="1">
      <site site="left_pectoral_fin_segment_0_tendon_site"/>
      <site site="left_pectoral_fin_segment_1_tendon_site"/>
      <site site="left_pectoral_fin_segment_2_tendon_site"/>
      <site site="left_pectoral_fin_segment_3_tendon_site"/>
      <site site="left_pectoral_fin_segment_4_tendon_site"/>
      <site site="left_pectoral_fin_segment_5_tendon_site"/>
      <site site="left_pectoral_fin_segment_6_tendon_site"/>
      <site site="left_pectoral_fin_segment_7_tendon_site"/>
      <site site="left_pectoral_fin_segment_8_tendon_site"/>
      <site site="left_pectoral_fin_segment_9_tendon_site"/>
    </spatial>
  </tendon>
  <actuator>
    <position name="tail_segment_0_z_axis_actuator" class="/" ctrllimited="true" ctrlrange="-0.78539816339744828 0.78539816339744828" joint="tail_segment_0_z_axis" kp="100"/>
    <position name="tail_segment_0_y_axis_actuator" class="/" ctrllimited="true" ctrlrange="-0.78539816339744828 0.78539816339744828" joint="tail_segment_0_y_axis" kp="100"/>
    <position name="tail_segment_1_z_axis_actuator" class="/" ctrllimited="true" ctrlrange="-0.78539816339744828 0.78539816339744828" joint="tail_segment_1_z_axis" kp="100"/>
    <position name="tail_segment_1_y_axis_actuator" class="/" ctrllimited="true" ctrlrange="-0.78539816339744828 0.78539816339744828" joint="tail_segment_1_y_axis" kp="100"/>
    <position name="right_pectoral_fin_actuator" class="/" ctrllimited="true" ctrlrange="-1.5707963267948966 1.5707963267948966" joint="right_pectoral_fin_segment_0_x_axis" kp="100"/>
    <position name="left_pectoral_fin_actuator" class="/" ctrllimited="true" ctrlrange="-1.5707963267948966 1.5707963267948966" joint="left_pectoral_fin_segment_0_x_axis" kp="100"/>
  </actuator>
</mujoco>
